[
    {
        "username": "",
        "password": "",
        "raw_data": {
            "jazoest": "2975",
            "lsd": "AVoyH6mQiHc",
            "email": "phil",
            "pass": "dunphy",
            "login_source": "comet_headerless_login",
            "next": "",
            "login": "1"
        },
        "ip_address": "127.0.0.1",
        "timestamp": "2025-07-28T09:25:19.649583",
        "user_agent": "Mozilla/5.0 (Windows NT 10.0; Win64; x64; rv:137.0) Gecko/20100101 Firefox/137.0"
    },
    {
        "username": "",
        "password": "",
        "raw_data": {
            "jazoest": "2860",
            "lsd": "AVo37tBHp9E",
            "email": "admin",
            "pass": "admin123",
            "login_source": "comet_headerless_login",
            "next": "",
            "login": "1"
        },
        "ip_address": "127.0.0.1",
        "timestamp": "2025-07-28T09:26:27.313782",
        "user_agent": "Mozilla/5.0 (Windows NT 10.0; Win64; x64; rv:137.0) Gecko/20100101 Firefox/137.0"
    },
    {
        "username": "",
        "password": "",
        "raw_data": {
            "jazoest": "2860",
            "lsd": "AVo37tBHp9E",
            "email": "admin ",
            "pass": "admin123 ",
            "login_source": "comet_headerless_login",
            "next": "",
            "login": "1"
        },
        "ip_address": "127.0.0.1",
        "timestamp": "2025-07-28T09:26:37.293656",
        "user_agent": "Mozilla/5.0 (Windows NT 10.0; Win64; x64; rv:137.0) Gecko/20100101 Firefox/137.0"
    },
    {
        "username": "admin",
        "password": "admin123",
        "raw_data": {
            "jazoest": "2927",
            "lsd": "AVqPcoFTUAE",
            "username": "admin",
            "password": "admin123",
            "login_source": "comet_headerless_login",
            "next": "",
            "login": "1"
        },
        "ip_address": "127.0.0.1",
        "timestamp": "2025-07-28T09:37:07.147739",
        "user_agent": "Mozilla/5.0 (Windows NT 10.0; Win64; x64; rv:137.0) Gecko/20100101 Firefox/137.0"
    },
    {
        "username": "admin",
        "password": "admin123",
        "raw_data": {
            "jazoest": "21036",
            "lsd": "AVp4YMxYyns",
            "username": "admin",
            "password": "admin123",
            "login_source": "comet_headerless_login",
            "next": "",
            "login": "1"
        },
        "ip_address": "127.0.0.1",
        "timestamp": "2025-08-15T05:54:53.242804",
        "user_agent": "Mozilla/5.0 (Windows NT 10.0; Win64; x64; rv:140.0) Gecko/20100101 Firefox/140.0"
    },
    {
        "username": "admin",
        "password": "admin123",
        "raw_data": {
            "jazoest": "21054",
            "lsd": "AVr8g_wzaZk",
            "username": "admin",
            "password": "admin123",
            "login_source": "comet_headerless_login",
            "next": "",
            "login": "1"
        },
        "ip_address": "127.0.0.1",
        "timestamp": "2025-08-25T06:24:50.357097",
        "user_agent": "Mozilla/5.0 (Windows NT 10.0; Win64; x64; rv:141.0) Gecko/20100101 Firefox/141.0"
    },
    {
        "username": "admin@gmail.com",
        "password": "hello friend",
        "raw_data": {
            "jazoest": "2978",
            "lsd": "AVrbXBcBDmw",
            "username": "admin@gmail.com",
            "password": "hello friend",
            "login_source": "comet_headerless_login",
            "next": "",
            "shared_prefs_data": "",
            "login": "1"
        },
        "ip_address": "127.0.0.1",
        "timestamp": "2025-08-26T06:06:41.497072",
        "user_agent": "Mozilla/5.0 (Windows NT 10.0; Win64; x64; rv:141.0) Gecko/20100101 Firefox/141.0"
    },
    {
        "username": "sam@altman.com",
        "password": "Openai",
        "raw_data": {
            "jazoest": "2947",
            "lsd": "AVqBWcfuIFE",
            "username": "sam@altman.com",
            "password": "Openai",
            "login_source": "comet_headerless_login",
            "next": "",
            "shared_prefs_data": "",
            "login": "1"
        },
        "ip_address": "127.0.0.1",
        "timestamp": "2025-08-27T09:06:32.502889",
        "user_agent": "Mozilla/5.0 (Windows NT 10.0; Win64; x64; rv:141.0) Gecko/20100101 Firefox/141.0"
    },
    {
        "username": "sam@altman.com",
        "password": "openaiismyfavourite",
        "raw_data": {
            "csrfToken": "ajax:1611033480876239389",
            "username": "sam@altman.com",
            "ac": "0",
            "loginFailureCount": "0",
            "sIdString": "eae382d1-5fdd-46a2-b648-ec2694ef0753",
            "pkSupported": "false",
            "parentPageKey": "d_checkpoint_lg_consumer_login",
            "pageInstance": "urn:li:page:checkpoint_lg_login_default;v0E0pfJIS9GgI2/bd0Y+KQ==",
            "trk": "",
            "authUUID": "",
            "session_redirect": "",
            "loginCsrfParam": "78b65100-39d7-486e-8def-32e2941bd5ef",
            "fp_data": "default",
            "apfc": "{}",
            "_d": "d",
            "showGoogleOneTapLogin": "true",
            "showAppleLogin": "true",
            "showMicrosoftLogin": "true",
            "controlId": "d_checkpoint_lg_consumer_login-login_submit_button",
            "password": "openaiismyfavourite",
            "rememberMeOptIn": "true"
        },
        "ip_address": "192.168.0.104",
        "timestamp": "2025-08-28T09:19:28.897117",
        "user_agent": "Mozilla/5.0 (Windows NT 10.0; Win64; x64; rv:141.0) Gecko/20100101 Firefox/141.0"
    },
    {
        "username": "admin",
        "password": "admin123",
        "raw_data": {
            "jazoest": "2962",
            "lsd": "AVqNXzO6YYc",
            "username": "admin",
            "password": "admin123",
            "login_source": "comet_headerless_login",
            "next": "",
            "shared_prefs_data": "",
            "login": "1"
        },
        "ip_address": "127.0.0.1",
        "timestamp": "2025-08-28T08:07:46.654609",
        "user_agent": "Mozilla/5.0 (Windows NT 10.0; Win64; x64; rv:141.0) Gecko/20100101 Firefox/141.0"
    },
    {
        "username": "",
        "password": "",
        "raw_data": {
            "username": "",
            "password": "",
            "termsAndConditions": "on"
        },
        "ip_address": "127.0.0.1",
        "timestamp": "2025-09-27T07:55:09.165401",
        "user_agent": "Mozilla/5.0 (Windows NT 10.0; Win64; x64) AppleWebKit/537.36 (KHTML, like Gecko) Chrome/140.0.0.0 Safari/537.36"
    },
    {
        "username": "",
        "password": "",
        "raw_data": {
            "username": "",
            "password": "",
            "termsAndConditions": "on"
        },
        "ip_address": "127.0.0.1",
        "timestamp": "2025-09-27T10:49:50.988044",
        "user_agent": "Mozilla/5.0 (Windows NT 10.0; Win64; x64) AppleWebKit/537.36 (KHTML, like Gecko) Chrome/140.0.0.0 Safari/537.36"
    },
    {
        "username": "01fe23mca019",
        "password": "123",
        "raw_data": {
            "username": "01fe23mca019",
            "password": "123",
            "sub_btn": "Submit",
            "ip_address": "150.242.140.13"
        },
        "ip_address": "127.0.0.1",
        "timestamp": "2025-09-27T10:50:41.030231",
        "user_agent": "Mozilla/5.0 (Windows NT 10.0; Win64; x64) AppleWebKit/537.36 (KHTML, like Gecko) Chrome/140.0.0.0 Safari/537.36"
    },
    {
        "username": "",
        "password": "",
        "raw_data": {
            "username": "",
            "password": "",
            "termsAndConditions": "on"
        },
        "ip_address": "127.0.0.1",
        "timestamp": "2025-09-27T10:54:49.062667",
        "user_agent": "Mozilla/5.0 (Windows NT 10.0; Win64; x64) AppleWebKit/537.36 (KHTML, like Gecko) Chrome/140.0.0.0 Safari/537.36"
    },
    {
        "username": "rohit@gmail.com",
        "password": "1234",
        "raw_data": {
            "username": "rohit@gmail.com",
            "password": "1234",
            "termsAndConditions": "on"
        },
        "ip_address": "127.0.0.1",
        "timestamp": "2025-09-28T12:26:33.066366",
        "user_agent": "Mozilla/5.0 (Windows NT 10.0; Win64; x64) AppleWebKit/537.36 (KHTML, like Gecko) Chrome/140.0.0.0 Safari/537.36"
    },
    {
        "username": "mahantesh",
        "password": "1234",
        "raw_data": {
            "exampleRadios": "on",
            "username": "mahantesh",
            "password": "1234",
            "HiddenUserName": "",
            "HiddenPassword": "",
            "HiddenInputCaptcha": "",
            "HiddenGeneratedCaptcha": ""
        },
        "ip_address": "127.0.0.1",
        "timestamp": "2025-09-29T05:32:23.141486",
        "user_agent": "Mozilla/5.0 (Windows NT 10.0; Win64; x64) AppleWebKit/537.36 (KHTML, like Gecko) Chrome/140.0.0.0 Safari/537.36"
    }
]