[
    {
        "username": "hello@mail.com",
        "password": "Hello"
    },
    {
        "username": "",
        "password": "",
        "raw_data": {
            "jazoest": "21004",
            "lsd": "AVqccTLobBk",
            "email": "hello@mail.com",
            "login_source": "comet_headerless_login",
            "next": "",
            "encpass": "#PWD_BROWSER:5:1740888516:AZpQAP1vfegR0qjf8FvkFFVJL5UJIEHUwP9ddewAzTw16u5mjxlT8GLl1ydWrR30DyTQiX/R44ElE+IOa9Yj5Ej9tYrjU7jiq74CyV/Vu1jg5M001z9uEiuKHBnXyrE5DZJOCea8t5po"
        },
        "ip_address": "127.0.0.1",
        "timestamp": "2025-03-02T04:08:36.632328"
    },
    {
        "username": "",
        "password": "",
        "raw_data": {
            "jazoest": "2922",
            "lsd": "AVq6k2VtSUM",
            "email": "hello@mail.com",
            "login_source": "comet_headerless_login",
            "next": "",
            "encpass": "#PWD_BROWSER:5:1740889484:AZpQAE2hwMY9dexXla/WllJSZYRWKIgQYgF3kLsYelN3Wqw34g135jGUizuy7Ex0RaAvG8olZyPVbUtzSEqGXpy5Va0xMUaZJUkD0+z4VfnPq6Y7vOIvqZOWtdTJ0Pjz4Ulsxd2pttWQ"
        },
        "ip_address": "127.0.0.1",
        "timestamp": "2025-03-02T04:24:44.654270"
    },
    {
        "username": "",
        "password": "",
        "raw_data": {
            "jazoest": "2922",
            "lsd": "AVq6k2VtSUM",
            "email": "hello@mail.com",
            "login_source": "comet_headerless_login",
            "next": "",
            "encpass": "#PWD_BROWSER:5:1740889484:AZpQAE2hwMY9dexXla/WllJSZYRWKIgQYgF3kLsYelN3Wqw34g135jGUizuy7Ex0RaAvG8olZyPVbUtzSEqGXpy5Va0xMUaZJUkD0+z4VfnPq6Y7vOIvqZOWtdTJ0Pjz4Ulsxd2pttWQ"
        },
        "ip_address": "127.0.0.1",
        "timestamp": "2025-03-02T06:20:15.990383"
    },
    {
        "username": "",
        "password": "",
        "raw_data": {
            "jazoest": "2989",
            "lsd": "AVry3f_sAHg",
            "email": "hello@mail.com",
            "pass": "Hellos",
            "login_source": "comet_headerless_login",
            "next": "",
            "login": "1"
        },
        "ip_address": "127.0.0.1",
        "timestamp": "2025-03-02T06:20:43.266376"
    },
    {
        "username": "",
        "password": "",
        "raw_data": {
            "jazoest": "2843",
            "lsd": "AVq6kn9b4-8",
            "email": "hello@mail.com",
            "pass": "Hello",
            "login_source": "comet_headerless_login",
            "next": "",
            "login": "1"
        },
        "ip_address": "127.0.0.1",
        "timestamp": "2025-03-30T09:20:50.770610",
        "user_agent": "Mozilla/5.0 (Windows NT 10.0; Win64; x64; rv:136.0) Gecko/20100101 Firefox/136.0"
    },
    {
        "username": "",
        "password": "",
        "raw_data": {
            "jazoest": "21088",
            "lsd": "AVrxUazdqiQ",
            "email": "admin",
            "pass": "admin123",
            "login_source": "comet_headerless_login",
            "next": "",
            "shared_prefs_data": "",
            "login": "1"
        },
        "ip_address": "127.0.0.1",
        "timestamp": "2025-04-03T05:25:21.013832",
        "user_agent": "Mozilla/5.0 (Windows NT 10.0; Win64; x64; rv:137.0) Gecko/20100101 Firefox/137.0"
    },
    {
        "username": "",
        "password": "",
        "raw_data": {
            "jazoest": "21052",
            "lsd": "AVqOjLryxSY",
            "email": "john",
            "pass": "johnsmith",
            "login_source": "comet_headerless_login",
            "next": "",
            "login": "1"
        },
        "ip_address": "127.0.0.1",
        "timestamp": "2025-04-18T09:18:23.396942",
        "user_agent": "Mozilla/5.0 (Windows NT 10.0; Win64; x64; rv:137.0) Gecko/20100101 Firefox/137.0"
    }
]