[
    {
        "id": "ea1c825c",
        "op_type": "clone",
        "url": "https://www.facebook.com/",
        "clone_id": "7c1ac9e5-dd22-4a12-8c36-3989377b8c14",
        "note": null,
        "created_at": "2025-09-13T04:53:45.051938"
    },
    {
        "id": "a3815335",
        "op_type": "clone",
        "url": "https://www.facebook.com/",
        "clone_id": "449c6e09-ccee-4e9a-abc5-9a48d568986a",
        "note": null,
        "created_at": "2025-09-13T07:01:27.283134"
    },
    {
        "id": "6546c596",
        "op_type": "clone",
        "url": "https://www.linkedin.com",
        "clone_id": "071cfcec-fd1d-409a-8771-90f65b0b4fd7",
        "note": null,
        "created_at": "2025-09-13T07:09:04.726656"
    },
    {
        "id": "0a9d4eff",
        "op_type": "clone",
        "url": "https://www.facebook.com/login.php/",
        "clone_id": "27453f37-0af1-463d-b398-d33ceefa6d2e",
        "note": null,
        "created_at": "2025-09-19T18:42:46.289853"
    },
    {
        "id": "1c73ee58",
        "op_type": "detect",
        "url": "https://www.kletech.ac.in/",
        "clone_id": null,
        "note": "risk=37",
        "created_at": "2025-09-19T18:45:16.761870"
    },
    {
        "id": "0cede7f2",
        "op_type": "clone",
        "url": "https://www.linkedin.com/login",
        "clone_id": "00339a3b-c57f-4ba9-9d23-56a882ee9fbc",
        "note": null,
        "created_at": "2025-09-20T05:45:20.478394"
    },
    {
        "id": "b19d7c91",
        "op_type": "detect",
        "url": "https://www.kletech.ac.in/",
        "clone_id": null,
        "note": "risk=37",
        "created_at": "2025-09-20T05:50:04.315844"
    },
    {
        "id": "a85743bc",
        "op_type": "clone",
        "url": "https://x.com/i/flow/login",
        "clone_id": "0d89d693-76d5-42ab-ae58-ed52402bddff",
        "note": null,
        "created_at": "2025-09-20T05:58:16.691278"
    },
    {
        "id": "a58d130c",
        "op_type": "clone",
        "url": "https://agamyacybertech.com/",
        "clone_id": "561a759d-c66a-4bb0-84f1-510e68fa57e1",
        "note": null,
        "created_at": "2025-09-20T13:51:17.187668"
    },
    {
        "id": "8f5d8edc",
        "op_type": "clone",
        "url": "https://www.facebook.com/login.php",
        "clone_id": "f2066fbd-e7fa-46c0-8342-49d254e32643",
        "note": null,
        "created_at": "2025-09-26T05:43:04.296081"
    },
    {
        "id": "88b9acdf",
        "op_type": "detect",
        "url": "https://example.com",
        "clone_id": null,
        "note": "risk=26",
        "created_at": "2025-09-26T08:22:52.634012"
    },
    {
        "id": "52e1a466",
        "op_type": "detect",
        "url": "https://example.com",
        "clone_id": null,
        "note": "risk=26",
        "user": "suhas@gmail.com",
        "created_at": "2025-09-26T08:32:13.623198"
    },
    {
        "id": "99f383d0",
        "op_type": "detect",
        "url": "https://www.chess.com/login_and_go?returnUrl=https://www.chess.com/home",
        "clone_id": null,
        "note": "risk=22",
        "user": "suhas@gmail.com",
        "created_at": "2025-09-26T11:14:29.971009"
    },
    {
        "id": "22c2e00f",
        "op_type": "detect",
        "url": "https://www.chess.com/login_and_go?returnUrl=https://www.chess.com/home",
        "clone_id": null,
        "note": "risk=22",
        "user": "suhas@gmail.com",
        "created_at": "2025-09-26T11:26:49.536202"
    },
    {
        "id": "7e4e460b",
        "op_type": "detect",
        "url": "https://paypal-login-verify.com",
        "clone_id": null,
        "note": "risk=61",
        "user": "suhas@gmail.com",
        "created_at": "2025-09-26T11:33:16.705874"
    },
    {
        "id": "3f851846",
        "op_type": "detect",
        "url": "https://paypal-secure-login-verify-account-update.com",
        "clone_id": null,
        "note": "risk=61",
        "user": "suhas@gmail.com",
        "created_at": "2025-09-26T11:34:28.079548"
    },
    {
        "id": "cda8ac27",
        "op_type": "detect",
        "url": "https://amazon-login-verify-secure-account.net",
        "clone_id": null,
        "note": "risk=61",
        "user": "suhas@gmail.com",
        "created_at": "2025-09-26T11:35:10.371092"
    },
    {
        "id": "34b0397e",
        "op_type": "detect",
        "url": "https://google.com",
        "clone_id": null,
        "note": "risk=15",
        "user": "suhas@gmail.com",
        "created_at": "2025-09-26T11:35:55.308004"
    },
    {
        "id": "abec7f37",
        "op_type": "detect",
        "url": "https://microsoft-account-login-verify-update.org",
        "clone_id": null,
        "note": "risk=61",
        "user": "suhas@gmail.com",
        "created_at": "2025-09-26T11:38:09.982301"
    },
    {
        "id": "f7fc5fbe",
        "op_type": "detect",
        "url": "http://paypal-login-verify-secure-account-update-now.fake",
        "clone_id": null,
        "note": "risk=61",
        "user": "suhas@gmail.com",
        "created_at": "2025-09-26T11:40:54.573959"
    },
    {
        "id": "c6613efb",
        "op_type": "detect",
        "url": "http://secure-login-verify-account-update-paypal-urgent.evil",
        "clone_id": null,
        "note": "risk=61",
        "user": "suhas@gmail.com",
        "created_at": "2025-09-26T11:41:27.623735"
    },
    {
        "id": "4f0ff9a0",
        "op_type": "detect",
        "url": "http://127.0.0.1/login-verify-secure-account-update",
        "clone_id": null,
        "note": "risk=61",
        "user": "suhas@gmail.com",
        "created_at": "2025-09-26T11:41:56.110779"
    },
    {
        "id": "c6568a3a",
        "op_type": "detect",
        "url": "https://ttp://localhost/paypal-login-verify-secure-account-update",
        "clone_id": null,
        "note": "risk=61",
        "user": "suhas@gmail.com",
        "created_at": "2025-09-26T11:42:35.025920"
    },
    {
        "id": "bbb27f05",
        "op_type": "detect",
        "url": "https://www.google.com/",
        "clone_id": null,
        "note": "risk=15",
        "user": "suhas@gmail.com",
        "created_at": "2025-09-26T11:44:07.851465"
    },
    {
        "id": "af7e6a6b",
        "op_type": "detect",
        "url": "https://ttp://localhost/paypal-login-verify-secure-account-update  /",
        "clone_id": null,
        "note": "risk=61",
        "user": "suhas@gmail.com",
        "created_at": "2025-09-26T11:45:20.412188"
    },
    {
        "id": "eab1d378",
        "op_type": "detect",
        "url": "http://ttp://localhost/paypal-login-verify-secure-account-update  /",
        "clone_id": null,
        "note": "risk=61",
        "user": "suhas@gmail.com",
        "created_at": "2025-09-26T11:45:36.615706"
    },
    {
        "id": "c98df8bc",
        "op_type": "detect",
        "url": "https://www.chess.com/login_and_go?returnUrl=https://www.chess.com/home",
        "clone_id": null,
        "note": "risk=22",
        "user": "suhas@gmail.com",
        "created_at": "2025-09-26T11:57:34.537683"
    },
    {
        "id": "59f1d6cf",
        "op_type": "detect",
        "url": "https://paypal-secure-login-verify-account-update.com",
        "clone_id": null,
        "note": "risk=61",
        "user": "suhas@gmail.com",
        "created_at": "2025-09-26T11:57:45.806968"
    },
    {
        "id": "b3483d9b",
        "op_type": "detect",
        "url": "https://paypal-secure-login-verify-account-update.com",
        "clone_id": null,
        "note": "risk=61",
        "user": "suhas@gmail.com",
        "created_at": "2025-09-26T11:58:07.339324"
    },
    {
        "id": "2945e08e",
        "op_type": "detect",
        "url": "https://www.kletech.ac.in/",
        "clone_id": null,
        "note": "risk=37",
        "user": "suhas@gmail.com",
        "created_at": "2025-09-26T11:58:33.130989"
    },
    {
        "id": "aa0634f8",
        "op_type": "detect",
        "url": "https://www.chess.com/login_and_go?returnUrl=https://www.chess.com/home",
        "clone_id": null,
        "note": "risk=22",
        "user": "suhas@gmail.com",
        "created_at": "2025-09-26T17:36:58.917910"
    },
    {
        "id": "8514a5c6",
        "op_type": "detect",
        "url": "https://www.chess.com/login_and_go?returnUrl=https://www.chess.com/home",
        "clone_id": null,
        "note": "risk=16",
        "user": "suhas@gmail.com",
        "created_at": "2025-09-26T17:47:09.221477"
    },
    {
        "id": "347b979d",
        "op_type": "detect",
        "url": "https://g00gle.com -",
        "clone_id": null,
        "note": "risk=47",
        "user": "suhas@gmail.com",
        "created_at": "2025-09-26T17:47:23.489848"
    },
    {
        "id": "79a33feb",
        "op_type": "detect",
        "url": "https://secure-login-verification.com -",
        "clone_id": null,
        "note": "risk=47",
        "user": "suhas@gmail.com",
        "created_at": "2025-09-26T17:48:38.208236"
    },
    {
        "id": "98b464ce",
        "op_type": "detect",
        "url": "https://password-reset-account.net -",
        "clone_id": null,
        "note": "risk=47",
        "user": "suhas@gmail.com",
        "created_at": "2025-09-26T17:48:55.441178"
    },
    {
        "id": "55c448ed",
        "op_type": "detect",
        "url": "https://www.google.com",
        "clone_id": null,
        "note": "risk=17",
        "user": "suhas@gmail.com",
        "created_at": "2025-09-26T17:49:32.704126"
    },
    {
        "id": "415aeeab",
        "op_type": "detect",
        "url": "https://microsoft-secure-verification.tk -",
        "clone_id": null,
        "note": "risk=50",
        "user": "suhas@gmail.com",
        "created_at": "2025-09-26T17:49:57.188111"
    },
    {
        "id": "6ed3b920",
        "op_type": "detect",
        "url": "https://microsoft-secure-verification.tk -",
        "clone_id": null,
        "note": "risk=78",
        "user": "suhas@gmail.com",
        "created_at": "2025-09-26T17:54:07.462080"
    },
    {
        "id": "a30f121a",
        "op_type": "detect",
        "url": "https://amazon.com",
        "clone_id": null,
        "note": "risk=9",
        "user": "suhas@gmail.com",
        "created_at": "2025-09-26T17:55:01.493033"
    },
    {
        "id": "28786b0e",
        "op_type": "detect",
        "url": "https://paypal-login-verify.com",
        "clone_id": null,
        "note": "risk=78",
        "user": "suhas@gmail.com",
        "created_at": "2025-09-26T17:55:29.143215"
    },
    {
        "id": "6780f7bb",
        "op_type": "detect",
        "url": "https://secure-login-verification.com",
        "clone_id": null,
        "note": "risk=75",
        "user": "suhas@gmail.com",
        "created_at": "2025-09-26T17:56:22.062621"
    },
    {
        "id": "0ab07901",
        "op_type": "detect",
        "url": "https://g00gle.com -",
        "clone_id": null,
        "note": "risk=75",
        "user": "suhas@gmail.com",
        "created_at": "2025-09-26T17:57:45.201279"
    },
    {
        "id": "f1a0036a",
        "op_type": "detect",
        "url": "https://google-verify-account.info",
        "clone_id": null,
        "note": "risk=78",
        "user": "suhas@gmail.com",
        "created_at": "2025-09-26T17:58:06.394820"
    },
    {
        "id": "cfa699be",
        "op_type": "detect",
        "url": "https://paypal-secure-login-verify-account-update.com",
        "clone_id": null,
        "note": "risk=78",
        "user": "suhas@gmail.com",
        "created_at": "2025-09-26T17:58:38.807144"
    },
    {
        "id": "ef46ff3a",
        "op_type": "detect",
        "url": "https://paypal-secure-login-verify-account-update.com",
        "clone_id": null,
        "note": "risk=58",
        "user": "suhas@gmail.com",
        "created_at": "2025-09-26T18:01:21.826157"
    },
    {
        "id": "47c0e0d7",
        "op_type": "detect",
        "url": "https://paypal-secure-login-verify-account-update.com",
        "clone_id": null,
        "note": "risk=58",
        "user": "suhas@gmail.com",
        "created_at": "2025-09-26T18:02:10.296248"
    },
    {
        "id": "7c333f6a",
        "op_type": "detect",
        "url": "https://paypal-wallet-gift-card.ga",
        "clone_id": null,
        "note": "risk=84",
        "user": "suhas@gmail.com",
        "created_at": "2025-09-26T18:02:56.616776"
    },
    {
        "id": "06cf2e71",
        "op_type": "detect",
        "url": "https://google.com",
        "clone_id": null,
        "note": "risk=13",
        "user": "suhas@gmail.com",
        "created_at": "2025-09-26T18:03:09.727216"
    },
    {
        "id": "9b83690a",
        "op_type": "clone",
        "url": "https://www.chess.com/login",
        "clone_id": "0f4ab04b-b2fd-425b-8388-2f3d6aae606b",
        "note": null,
        "user": null,
        "created_at": "2025-09-26T18:12:31.423747"
    },
    {
        "id": "52e27d81",
        "op_type": "detect",
        "url": "https://google.com",
        "clone_id": null,
        "note": "risk=13",
        "user": "anonymous",
        "created_at": "2025-09-26T18:15:35.786630"
    },
    {
        "id": "b6645d34",
        "op_type": "detect",
        "url": "https://www.kletech.ac.in/",
        "clone_id": null,
        "note": "risk=28",
        "user": "anonymous",
        "created_at": "2025-09-26T18:16:35.374107"
    },
    {
        "id": "1e5c7c95",
        "op_type": "detect",
        "url": "https://google.com",
        "clone_id": null,
        "note": "risk=13",
        "user": "suhas@gmail.com",
        "created_at": "2025-09-27T07:50:04.746494"
    },
    {
        "id": "d39d352b",
        "op_type": "detect",
        "url": "https://paypal-secure-login-verify-account-update.com",
        "clone_id": null,
        "note": "risk=58",
        "user": "suhas@gmail.com",
        "created_at": "2025-09-27T07:51:04.827972"
    },
    {
        "id": "32776779",
        "op_type": "detect",
        "url": "https://google.com",
        "clone_id": null,
        "note": "risk=13",
        "user": "suhas@gmail.com",
        "created_at": "2025-09-27T07:52:29.443589"
    },
    {
        "id": "754daf5c",
        "op_type": "clone",
        "url": "https://studentportal.universitysolutions.in/",
        "clone_id": "8b5544ee-b7ae-45b6-a3ca-aafb857b8763",
        "note": null,
        "user": null,
        "created_at": "2025-09-27T07:55:01.976185"
    },
    {
        "id": "dbbf96d6",
        "op_type": "clone",
        "url": "https://studentportal.universitysolutions.in/",
        "clone_id": "39a18dae-f536-4748-af34-e0ea13fefa37",
        "note": null,
        "user": null,
        "created_at": "2025-09-27T07:55:28.360496"
    },
    {
        "id": "eeac43ba",
        "op_type": "clone",
        "url": "https://kle.onlineuniv.in/kle/login.php#",
        "clone_id": "eb4bd8e1-c0fa-4a7c-ac42-e7c0ff1ef3ca",
        "note": null,
        "user": null,
        "created_at": "2025-09-27T07:56:52.363217"
    },
    {
        "id": "64c70aba",
        "op_type": "detect",
        "url": "https://google.com",
        "clone_id": null,
        "note": "risk=13",
        "user": "suhas@gmail.com",
        "created_at": "2025-09-27T10:46:18.506096"
    },
    {
        "id": "d8d6d695",
        "op_type": "clone",
        "url": "https://studentportal.universitysolutions.in/",
        "clone_id": "df48f3c0-c322-4d7d-82e9-3e022a15c7ca",
        "note": null,
        "user": null,
        "created_at": "2025-09-27T10:49:44.618014"
    },
    {
        "id": "350bf37c",
        "op_type": "clone",
        "url": "https://kle.onlineuniv.in/kle/login.php#",
        "clone_id": "645581d7-5617-49cf-a51b-b18711041bb8",
        "note": null,
        "user": null,
        "created_at": "2025-09-27T10:50:25.025672"
    },
    {
        "id": "d5b6e83c",
        "op_type": "clone",
        "url": "https://studentportal.universitysolutions.in/",
        "clone_id": "d0ebdf5d-444a-478f-a7c9-51ee2723c0c6",
        "note": null,
        "user": null,
        "created_at": "2025-09-27T10:54:43.798415"
    },
    {
        "id": "ac5af47d",
        "op_type": "clone",
        "url": "https://www.instagram.com/accounts/login/?hl=en",
        "clone_id": "f3b5e577-cdf4-46eb-b284-56de3485d005",
        "note": null,
        "user": null,
        "created_at": "2025-09-27T10:56:18.389927"
    },
    {
        "id": "fbf5b8cd",
        "op_type": "clone",
        "url": "https://www.facebook.com/login/",
        "clone_id": "d7c22fc8-68c9-4e5b-9a1f-4809c77e762e",
        "note": null,
        "user": null,
        "created_at": "2025-09-27T10:57:45.601033"
    },
    {
        "id": "5c17a0a0",
        "op_type": "detect",
        "url": "https://google.com",
        "clone_id": null,
        "note": "risk=13",
        "user": "suhas@gmail.com",
        "created_at": "2025-09-27T15:50:10.091764"
    },
    {
        "id": "94e41eda",
        "op_type": "clone",
        "url": "https://www.facebook.com/login/",
        "clone_id": "0f40b59c-7ee2-4ec8-96df-9bf999958a35",
        "note": null,
        "user": null,
        "created_at": "2025-09-27T16:13:17.518929"
    },
    {
        "id": "9be14209",
        "op_type": "detect",
        "url": "https://www.chess.com/login_and_go?returnUrl=https://www.chess.com/home",
        "clone_id": null,
        "note": "risk=15",
        "user": "rohit@gmail.com",
        "created_at": "2025-09-28T09:07:17.495712"
    },
    {
        "id": "7ab7c640",
        "op_type": "detect",
        "url": "https://google.com",
        "clone_id": null,
        "note": "risk=13",
        "user": "rohit@gmail.com",
        "created_at": "2025-09-28T12:24:59.568836"
    },
    {
        "id": "3171783c",
        "op_type": "clone",
        "url": "https://studentportal.universitysolutions.in/",
        "clone_id": "4406bfc5-9968-4997-af6b-a420f84a3949",
        "note": null,
        "user": null,
        "created_at": "2025-09-28T12:26:21.771581"
    },
    {
        "id": "26ad1aa8",
        "op_type": "clone",
        "url": "https://www.facebook.com/login/",
        "clone_id": "eed44533-2c26-46c3-9322-bcffeef2ddb4",
        "note": null,
        "user": null,
        "created_at": "2025-09-28T12:27:45.189328"
    },
    {
        "id": "189d0ee0",
        "op_type": "detect",
        "url": "https://google.com",
        "clone_id": null,
        "note": "risk=13",
        "user": "rohit@gmail.com",
        "created_at": "2025-09-28T12:43:54.458757"
    },
    {
        "id": "980aa7d8",
        "op_type": "detect",
        "url": "https://google.com",
        "clone_id": null,
        "note": "risk=13",
        "user": "rohit@gmail.com",
        "created_at": "2025-09-28T12:44:11.167233"
    },
    {
        "id": "067da2df",
        "op_type": "clone",
        "url": "https://www.facebook.com/login/",
        "clone_id": "f8b42db4-850d-4068-a800-9bef571ade91",
        "note": null,
        "user": null,
        "created_at": "2025-09-28T12:46:48.187394"
    },
    {
        "id": "bec2b05b",
        "op_type": "clone",
        "url": "https://uucms.karnataka.gov.in/Login/Index",
        "clone_id": "01ba4fa4-f81f-434d-aa42-8d166b56e183",
        "note": null,
        "user": null,
        "created_at": "2025-09-28T16:03:32.785195"
    },
    {
        "id": "27b447dc",
        "op_type": "detect",
        "url": "https://uucms.karnataka.gov.in/Login/Index",
        "clone_id": null,
        "note": "risk=33",
        "user": "rohit@gmail.com",
        "created_at": "2025-09-28T16:08:06.558685"
    },
    {
        "id": "fbfff5e5",
        "op_type": "clone",
        "url": "https://uucms.karnataka.gov.in/Login/Index",
        "clone_id": "3ac5021c-530d-476c-bde5-5cd215e47960",
        "note": null,
        "user": null,
        "created_at": "2025-09-29T05:31:56.316989"
    },
    {
        "id": "28546424",
        "op_type": "clone",
        "url": "https://uucms.karnataka.gov.in/Login/Index",
        "clone_id": "c209e0b0-bda6-4e30-b58d-a88b4f3503be",
        "note": null,
        "user": null,
        "created_at": "2025-09-29T05:32:06.391551"
    },
    {
        "id": "047ab27b",
        "op_type": "detect",
        "url": "https://g00gle.com -",
        "clone_id": null,
        "note": "risk=55",
        "user": "suhas@gmail.com",
        "created_at": "2025-09-29T05:33:58.336628"
    },
    {
        "id": "629e2c3f",
        "op_type": "detect",
        "url": "https://google.com",
        "clone_id": null,
        "note": "risk=13",
        "user": "suhas@gmail.com",
        "created_at": "2025-09-29T05:35:04.289189"
    }
]