[
    {
        "email": "test@gmail.com",
        "ip_address": "127.0.0.1",
        "password": "password",
        "timestamp": "2025-02-16 23:27:58"
    },
    {
        "email": "testing@gmail.com",
        "ip_address": "127.0.0.1",
        "password": "password",
        "timestamp": "2025-02-16 23:38:10",
        "user_agent": "Mozilla/5.0 (Windows NT 10.0; Win64; x64; rv:135.0) Gecko/20100101 Firefox/135.0"
    },
    {
        "email": "login@mail.com",
        "ip_address": "127.0.0.1",
        "password": "hello",
        "timestamp": "2025-02-16 23:38:31",
        "user_agent": "Mozilla/5.0 (Windows NT 10.0; Win64; x64; rv:135.0) Gecko/20100101 Firefox/135.0"
    },
    {
        "email": "login@mail.com",
        "ip_address": "127.0.0.1",
        "password": "hello",
        "timestamp": "2025-02-16 23:40:44",
        "user_agent": "Mozilla/5.0 (Windows NT 10.0; Win64; x64; rv:135.0) Gecko/20100101 Firefox/135.0"
    },
    {
        "email": "login@mail.com",
        "ip_address": "127.0.0.1",
        "password": "asdasd",
        "timestamp": "2025-02-16 23:40:51",
        "user_agent": "Mozilla/5.0 (Windows NT 10.0; Win64; x64; rv:135.0) Gecko/20100101 Firefox/135.0"
    },
    {
        "email": "test@mailin.com",
        "ip_address": "127.0.0.1",
        "password": "password",
        "timestamp": "2025-02-17 00:05:48",
        "user_agent": "Mozilla/5.0 (Windows NT 10.0; Win64; x64; rv:135.0) Gecko/20100101 Firefox/135.0"
    },
    {
        "email": "asdasd@adsda.co",
        "ip_address": "127.0.0.1",
        "password": "adsad",
        "timestamp": "2025-02-17 00:14:58",
        "user_agent": "Mozilla/5.0 (Windows NT 10.0; Win64; x64; rv:135.0) Gecko/20100101 Firefox/135.0"
    },
    {
        "email": "asd@ads.com",
        "ip_address": "127.0.0.1",
        "password": "sdad",
        "timestamp": "2025-02-24 00:44:29",
        "user_agent": "Mozilla/5.0 (Windows NT 10.0; Win64; x64; rv:135.0) Gecko/20100101 Firefox/135.0"
    },
    {
        "email": "ingrid.delahaye@hotmail.fr",
        "ip_address": "127.0.0.1",
        "password": "asdas",
        "source": "Cloned Page",
        "timestamp": "2025-02-24 16:15:46",
        "user_agent": "Mozilla/5.0 (Windows NT 10.0; Win64; x64; rv:135.0) Gecko/20100101 Firefox/135.0"
    }
]